"EP_PlotID","Useful_EP_PlotID","Year","day_of_year","biomass"
"AEG1","AEG01",2009,142,305
"AEG1","AEG01",2010,147,397
"AEG1","AEG01",2011,144,250
"AEG1","AEG01",2012,145,261.1
"AEG1","AEG01",2013,144,500.45
"AEG1","AEG01",2014,153,537.3
"AEG1","AEG01",2015,143,449.85
"AEG1","AEG01",2016,136,201
"AEG1","AEG01",2017,136,153.25
"AEG1","AEG01",2018,141,198
"AEG1","AEG01",2019,132,151.5
"AEG1","AEG01",2020,138,142.5
"AEG2","AEG02",2009,139,303.5
"AEG2","AEG02",2010,141,319
"AEG2","AEG02",2011,141,234
"AEG2","AEG02",2012,149,206.1
"AEG2","AEG02",2013,142,390.45
"AEG2","AEG02",2014,132,319.3
"AEG2","AEG02",2015,133,334.3
"AEG2","AEG02",2016,131,214.5
"AEG2","AEG02",2017,135,164.75
"AEG2","AEG02",2018,136,213
"AEG2","AEG02",2019,133,257.5
"AEG2","AEG02",2020,132,311
"AEG3","AEG03",2009,141,138
"AEG3","AEG03",2010,144,152
"AEG3","AEG03",2011,143,92
"AEG3","AEG03",2012,147,203.9
"AEG3","AEG03",2013,145,214.25
"AEG3","AEG03",2014,135,197.05
"AEG3","AEG03",2015,144,144.25
"AEG3","AEG03",2016,136,130.5
"AEG3","AEG03",2017,135,66.6
"AEG3","AEG03",2018,141,119
"AEG3","AEG03",2019,132,83.5
"AEG3","AEG03",2020,139,89
"AEG4","AEG04",2009,154,650
"AEG4","AEG04",2010,145,239
"AEG4","AEG04",2011,147,240
"AEG4","AEG04",2012,145,316.6
"AEG4","AEG04",2013,142,330.9
"AEG4","AEG04",2014,134,371.05
"AEG4","AEG04",2015,141,246.35
"AEG4","AEG04",2016,134,165
"AEG4","AEG04",2017,138,189.5
"AEG4","AEG04",2018,136,300
"AEG4","AEG04",2019,133,210.5
"AEG4","AEG04",2020,131,113.5
"AEG5","AEG05",2009,148,259.5
"AEG5","AEG05",2010,142,288
"AEG5","AEG05",2011,149,296
"AEG5","AEG05",2012,144,234.5
"AEG5","AEG05",2013,143,313
"AEG5","AEG05",2014,134,263.75
"AEG5","AEG05",2015,132,241.8
"AEG5","AEG05",2016,135,253.5
"AEG5","AEG05",2017,135,195.25
"AEG5","AEG05",2018,134,207
"AEG5","AEG05",2019,132,134.5
"AEG5","AEG05",2020,130,94.5
"AEG6","AEG06",2009,155,475
"AEG6","AEG06",2010,142,289
"AEG6","AEG06",2011,145,209
"AEG6","AEG06",2012,149,393.6
"AEG6","AEG06",2013,143,355.95
"AEG6","AEG06",2014,134,282.2
"AEG6","AEG06",2015,156,225.9
"AEG6","AEG06",2016,132,228
"AEG6","AEG06",2017,136,183.8
"AEG6","AEG06",2018,137,223
"AEG6","AEG06",2019,135,217.5
"AEG6","AEG06",2020,130,104
"AEG7","AEG07",2009,159,117
"AEG7","AEG07",2010,158,53
"AEG7","AEG07",2011,152,13
"AEG7","AEG07",2012,152,44.8
"AEG7","AEG07",2013,158,28.75
"AEG7","AEG07",2014,155,30
"AEG7","AEG07",2015,153,10.95
"AEG7","AEG07",2016,134,35.5
"AEG7","AEG07",2017,142,57.5
"AEG7","AEG07",2018,138,20
"AEG7","AEG07",2019,134,5
"AEG7","AEG07",2020,139,16.5
"AEG8","AEG08",2009,156,392
"AEG8","AEG08",2010,157,182
"AEG8","AEG08",2011,151,100
"AEG8","AEG08",2012,153,159.8
"AEG8","AEG08",2013,142,120.3
"AEG8","AEG08",2014,156,97.65
"AEG8","AEG08",2015,139,175.25
"AEG8","AEG08",2016,134,92
"AEG8","AEG08",2017,139,65.65
"AEG8","AEG08",2018,134,205
"AEG8","AEG08",2019,134,60.5
"AEG8","AEG08",2020,137,15
"AEG9","AEG09",2009,143,164.5
"AEG9","AEG09",2010,155,149
"AEG9","AEG09",2011,152,32
"AEG9","AEG09",2012,152,89.8
"AEG9","AEG09",2013,158,184.2
"AEG9","AEG09",2014,153,184.3
"AEG9","AEG09",2015,153,20.7
"AEG9","AEG09",2016,131,45.5
"AEG9","AEG09",2017,144,96.95
"AEG9","AEG09",2018,138,46
"AEG9","AEG09",2019,133,76
"AEG9","AEG09",2020,139,41
"AEG10","AEG10",2009,169,383.5
"AEG10","AEG10",2010,149,270
"AEG10","AEG10",2011,154,102
"AEG10","AEG10",2012,153,214.4
"AEG10","AEG10",2013,158,365.2
"AEG10","AEG10",2014,153,364.85
"AEG10","AEG10",2015,157,169.6
"AEG10","AEG10",2016,132,111.5
"AEG10","AEG10",2017,142,165.2
"AEG10","AEG10",2018,138,73
"AEG10","AEG10",2019,134,62
"AEG10","AEG10",2020,137,44.5
"AEG11","AEG11",2009,142,345.5
"AEG11","AEG11",2010,150,299
"AEG11","AEG11",2011,142,169
"AEG11","AEG11",2012,145,382.2
"AEG11","AEG11",2013,144,366.95
"AEG11","AEG11",2014,133,325.55
"AEG11","AEG11",2015,131,267.2
"AEG11","AEG11",2016,130,206.5
"AEG11","AEG11",2017,142,181.15
"AEG11","AEG11",2018,141,224
"AEG11","AEG11",2019,134,14.5
"AEG11","AEG11",2020,129,165
"AEG12","AEG12",2009,142,308.5
"AEG12","AEG12",2010,147,531
"AEG12","AEG12",2011,150,228
"AEG12","AEG12",2012,145,208
"AEG12","AEG12",2013,144,480.15
"AEG12","AEG12",2014,155,667.15
"AEG12","AEG12",2015,139,290.15
"AEG12","AEG12",2016,136,237.5
"AEG12","AEG12",2017,136,123.1
"AEG12","AEG12",2018,132,231
"AEG12","AEG12",2019,132,116.5
"AEG12","AEG12",2020,136,101.5
"AEG13","AEG13",2009,141,401
"AEG13","AEG13",2010,147,322
"AEG13","AEG13",2011,143,297
"AEG13","AEG13",2012,147,354.4
"AEG13","AEG13",2013,144,479.5
"AEG13","AEG13",2014,155,723.75
"AEG13","AEG13",2015,139,323.35
"AEG13","AEG13",2016,136,178.5
"AEG13","AEG13",2017,141,289.7
"AEG13","AEG13",2018,132,191
"AEG13","AEG13",2019,132,234
"AEG13","AEG13",2020,138,257.5
"AEG14","AEG14",2009,140,222
"AEG14","AEG14",2010,140,198
"AEG14","AEG14",2011,141,210
"AEG14","AEG14",2012,144,289
"AEG14","AEG14",2013,143,298.15
"AEG14","AEG14",2014,134,207.55
"AEG14","AEG14",2015,138,250.9
"AEG14","AEG14",2016,131,147
"AEG14","AEG14",2017,135,138.75
"AEG14","AEG14",2018,132,245
"AEG14","AEG14",2019,132,209.5
"AEG14","AEG14",2020,136,128
"AEG15","AEG15",2009,140,320.5
"AEG15","AEG15",2010,148,449
"AEG15","AEG15",2011,142,264
"AEG15","AEG15",2012,145,218.1
"AEG15","AEG15",2013,144,283.95
"AEG15","AEG15",2014,132,189.55
"AEG15","AEG15",2015,132,185
"AEG15","AEG15",2016,130,187
"AEG15","AEG15",2017,139,189.45
"AEG15","AEG15",2018,135,283
"AEG15","AEG15",2019,132,191.5
"AEG15","AEG15",2020,131,234
"AEG16","AEG16",2009,141,401.5
"AEG16","AEG16",2010,NA,NA
"AEG16","AEG16",2011,147,101
"AEG16","AEG16",2012,144,282
"AEG16","AEG16",2013,143,284.35
"AEG16","AEG16",2014,132,202.05
"AEG16","AEG16",2015,138,80.3
"AEG16","AEG16",2016,132,139
"AEG16","AEG16",2017,140,149.9
"AEG16","AEG16",2018,132,232
"AEG16","AEG16",2019,132,161
"AEG16","AEG16",2020,129,66.5
"AEG17","AEG17",2009,141,164
"AEG17","AEG17",2010,148,88
"AEG17","AEG17",2011,141,61
"AEG17","AEG17",2012,149,196.9
"AEG17","AEG17",2013,143,273.95
"AEG17","AEG17",2014,134,175.25
"AEG17","AEG17",2015,138,141.7
"AEG17","AEG17",2016,131,163.5
"AEG17","AEG17",2017,140,114.4
"AEG17","AEG17",2018,132,207
"AEG17","AEG17",2019,133,51
"AEG17","AEG17",2020,134,97
"AEG18","AEG18",2009,140,253
"AEG18","AEG18",2010,140,270
"AEG18","AEG18",2011,141,175
"AEG18","AEG18",2012,144,336.5
"AEG18","AEG18",2013,145,493.3
"AEG18","AEG18",2014,156,592.95
"AEG18","AEG18",2015,142,348.25
"AEG18","AEG18",2016,132,167
"AEG18","AEG18",2017,135,167.15
"AEG18","AEG18",2018,138,210
"AEG18","AEG18",2019,133,176.5
"AEG18","AEG18",2020,132,159.5
"AEG19","AEG19",2009,155,391.5
"AEG19","AEG19",2010,147,206
"AEG19","AEG19",2011,145,130
"AEG19","AEG19",2012,144,196.2
"AEG19","AEG19",2013,143,343.7
"AEG19","AEG19",2014,134,253.5
"AEG19","AEG19",2015,155,221.65
"AEG19","AEG19",2016,134,186
"AEG19","AEG19",2017,140,228.85
"AEG19","AEG19",2018,132,274
"AEG19","AEG19",2019,133,259.5
"AEG19","AEG19",2020,130,193.5
"AEG20","AEG20",2009,142,313.5
"AEG20","AEG20",2010,141,259
"AEG20","AEG20",2011,147,136
"AEG20","AEG20",2012,146,286.7
"AEG20","AEG20",2013,144,160.3
"AEG20","AEG20",2014,133,209.65
"AEG20","AEG20",2015,140,331.25
"AEG20","AEG20",2016,130,165
"AEG20","AEG20",2017,138,147.5
"AEG20","AEG20",2018,142,283
"AEG20","AEG20",2019,134,181
"AEG20","AEG20",2020,129,65
"AEG21","AEG21",2009,147,346.5
"AEG21","AEG21",2010,139,234
"AEG21","AEG21",2011,142,114
"AEG21","AEG21",2012,148,386.5
"AEG21","AEG21",2013,144,405.2
"AEG21","AEG21",2014,132,388.8
"AEG21","AEG21",2015,139,309.75
"AEG21","AEG21",2016,136,196.5
"AEG21","AEG21",2017,138,187.85
"AEG21","AEG21",2018,141,198
"AEG21","AEG21",2019,134,143
"AEG21","AEG21",2020,133,97
"AEG22","AEG22",2009,148,222
"AEG22","AEG22",2010,148,180
"AEG22","AEG22",2011,154,77
"AEG22","AEG22",2012,149,173.4
"AEG22","AEG22",2013,158,230.1
"AEG22","AEG22",2014,156,301.55
"AEG22","AEG22",2015,152,116.1
"AEG22","AEG22",2016,131,108
"AEG22","AEG22",2017,140,109.1
"AEG22","AEG22",2018,141,120
"AEG22","AEG22",2019,133,70.5
"AEG22","AEG22",2020,132,56
"AEG23","AEG23",2009,147,267
"AEG23","AEG23",2010,148,234
"AEG23","AEG23",2011,154,179
"AEG23","AEG23",2012,145,233.4
"AEG23","AEG23",2013,142,419.55
"AEG23","AEG23",2014,135,333.6
"AEG23","AEG23",2015,138,270.1
"AEG23","AEG23",2016,133,212.5
"AEG23","AEG23",2017,142,209.25
"AEG23","AEG23",2018,143,265
"AEG23","AEG23",2019,133,145.5
"AEG23","AEG23",2020,NA,NA
"AEG24","AEG24",2009,138,225.5
"AEG24","AEG24",2010,139,264
"AEG24","AEG24",2011,140,342
"AEG24","AEG24",2012,142,440.9
"AEG24","AEG24",2013,142,344.6
"AEG24","AEG24",2014,132,371.35
"AEG24","AEG24",2015,131,231.65
"AEG24","AEG24",2016,131,171.5
"AEG24","AEG24",2017,141,262.7
"AEG24","AEG24",2018,132,268
"AEG24","AEG24",2019,132,215.5
"AEG24","AEG24",2020,130,177.5
"AEG25","AEG25",2009,144,126
"AEG25","AEG25",2010,149,175
"AEG25","AEG25",2011,154,14
"AEG25","AEG25",2012,153,79.1
"AEG25","AEG25",2013,158,60.9
"AEG25","AEG25",2014,153,100.35
"AEG25","AEG25",2015,155,40.55
"AEG25","AEG25",2016,132,31
"AEG25","AEG25",2017,142,27.9
"AEG25","AEG25",2018,138,34
"AEG25","AEG25",2019,134,4.5
"AEG25","AEG25",2020,137,5.5
"AEG26","AEG26",2009,160,81.5
"AEG26","AEG26",2010,158,71
"AEG26","AEG26",2011,154,14
"AEG26","AEG26",2012,154,43.7
"AEG26","AEG26",2013,158,172.35
"AEG26","AEG26",2014,155,216.45
"AEG26","AEG26",2015,155,55.2
"AEG26","AEG26",2016,136,46
"AEG26","AEG26",2017,141,92.55
"AEG26","AEG26",2018,141,50
"AEG26","AEG26",2019,133,53
"AEG26","AEG26",2020,138,11
"AEG27","AEG27",2009,156,159.5
"AEG27","AEG27",2010,156,87
"AEG27","AEG27",2011,155,20
"AEG27","AEG27",2012,154,52.2
"AEG27","AEG27",2013,157,137.1
"AEG27","AEG27",2014,156,142.45
"AEG27","AEG27",2015,156,71.95
"AEG27","AEG27",2016,134,43
"AEG27","AEG27",2017,144,114
"AEG27","AEG27",2018,143,65
"AEG27","AEG27",2019,135,37.5
"AEG27","AEG27",2020,137,13
"AEG28","AEG28",2009,162,180.5
"AEG28","AEG28",2010,153,131
"AEG28","AEG28",2011,153,35
"AEG28","AEG28",2012,150,126
"AEG28","AEG28",2013,159,204.85
"AEG28","AEG28",2014,154,177.05
"AEG28","AEG28",2015,154,61.85
"AEG28","AEG28",2016,133,94.5
"AEG28","AEG28",2017,137,68.2
"AEG28","AEG28",2018,135,70
"AEG28","AEG28",2019,135,33.5
"AEG28","AEG28",2020,140,22.5
"AEG29","AEG29",2009,147,139
"AEG29","AEG29",2010,150,184
"AEG29","AEG29",2011,140,42
"AEG29","AEG29",2012,154,150.8
"AEG29","AEG29",2013,157,125.7
"AEG29","AEG29",2014,134,61.9
"AEG29","AEG29",2015,157,61.9
"AEG29","AEG29",2016,134,83
"AEG29","AEG29",2017,142,55.75
"AEG29","AEG29",2018,143,71
"AEG29","AEG29",2019,134,34
"AEG29","AEG29",2020,135,14.5
"AEG30","AEG30",2009,145,186.5
"AEG30","AEG30",2010,144,170
"AEG30","AEG30",2011,151,193
"AEG30","AEG30",2012,148,263.4
"AEG30","AEG30",2013,144,447.5
"AEG30","AEG30",2014,152,417.9
"AEG30","AEG30",2015,152,220.75
"AEG30","AEG30",2016,130,140
"AEG30","AEG30",2017,139,118.55
"AEG30","AEG30",2018,140,211
"AEG30","AEG30",2019,132,128
"AEG30","AEG30",2020,136,133.5
"AEG31","AEG31",2009,146,147
"AEG31","AEG31",2010,144,80
"AEG31","AEG31",2011,151,123
"AEG31","AEG31",2012,149,180.7
"AEG31","AEG31",2013,156,261.85
"AEG31","AEG31",2014,152,337
"AEG31","AEG31",2015,152,279.35
"AEG31","AEG31",2016,130,118
"AEG31","AEG31",2017,139,89.1
"AEG31","AEG31",2018,140,122
"AEG31","AEG31",2019,132,154
"AEG31","AEG31",2020,136,58
"AEG32","AEG32",2009,162,412
"AEG32","AEG32",2010,152,159
"AEG32","AEG32",2011,153,56
"AEG32","AEG32",2012,151,132.7
"AEG32","AEG32",2013,156,159.4
"AEG32","AEG32",2014,154,217.05
"AEG32","AEG32",2015,154,69.55
"AEG32","AEG32",2016,133,132.5
"AEG32","AEG32",2017,137,88.4
"AEG32","AEG32",2018,135,82
"AEG32","AEG32",2019,135,54.5
"AEG32","AEG32",2020,140,66.5
"AEG33","AEG33",2009,161,404
"AEG33","AEG33",2010,151,171
"AEG33","AEG33",2011,153,39
"AEG33","AEG33",2012,150,101.1
"AEG33","AEG33",2013,157,216.55
"AEG33","AEG33",2014,154,148.85
"AEG33","AEG33",2015,154,89.95
"AEG33","AEG33",2016,133,89.5
"AEG33","AEG33",2017,137,110.85
"AEG33","AEG33",2018,135,78
"AEG33","AEG33",2019,135,15.5
"AEG33","AEG33",2020,140,33.5
"AEG34","AEG34",2009,161,309.5
"AEG34","AEG34",2010,152,244
"AEG34","AEG34",2011,150,69
"AEG34","AEG34",2012,151,186.7
"AEG34","AEG34",2013,157,278.25
"AEG34","AEG34",2014,154,187.7
"AEG34","AEG34",2015,141,86.45
"AEG34","AEG34",2016,133,113.5
"AEG34","AEG34",2017,137,119.55
"AEG34","AEG34",2018,135,103
"AEG34","AEG34",2019,135,36.5
"AEG34","AEG34",2020,140,27.5
"AEG35","AEG35",2009,145,313.5
"AEG35","AEG35",2010,146,166
"AEG35","AEG35",2011,142,151
"AEG35","AEG35",2012,146,257.5
"AEG35","AEG35",2013,157,420.3
"AEG35","AEG35",2014,133,392.8
"AEG35","AEG35",2015,140,212.3
"AEG35","AEG35",2016,130,278.5
"AEG35","AEG35",2017,138,182.05
"AEG35","AEG35",2018,141,228
"AEG35","AEG35",2019,134,202.5
"AEG35","AEG35",2020,133,213
"AEG36","AEG36",2009,142,329
"AEG36","AEG36",2010,146,200
"AEG36","AEG36",2011,142,225
"AEG36","AEG36",2012,146,221.7
"AEG36","AEG36",2013,144,374.35
"AEG36","AEG36",2014,133,289.65
"AEG36","AEG36",2015,140,336.9
"AEG36","AEG36",2016,130,233
"AEG36","AEG36",2017,138,109.8
"AEG36","AEG36",2018,141,134
"AEG36","AEG36",2019,134,170.5
"AEG36","AEG36",2020,133,280.5
"AEG37","AEG37",2009,138,NA
"AEG37","AEG37",2010,145,478
"AEG37","AEG37",2011,144,242
"AEG37","AEG37",2012,143,488
"AEG37","AEG37",2013,144,558
"AEG37","AEG37",2014,134,571.4
"AEG37","AEG37",2015,139,383.25
"AEG37","AEG37",2016,132,354
"AEG37","AEG37",2017,140,333.3
"AEG37","AEG37",2018,132,363
"AEG37","AEG37",2019,133,284.5
"AEG37","AEG37",2020,133,191.5
"AEG38","AEG38",2009,140,201.5
"AEG38","AEG38",2010,146,166
"AEG38","AEG38",2011,144,142
"AEG38","AEG38",2012,146,212.6
"AEG38","AEG38",2013,143,378.35
"AEG38","AEG38",2014,152,252.55
"AEG38","AEG38",2015,140,188.3
"AEG38","AEG38",2016,135,120
"AEG38","AEG38",2017,139,113
"AEG38","AEG38",2018,140,138
"AEG38","AEG38",2019,132,93.5
"AEG38","AEG38",2020,135,62
"AEG39","AEG39",2009,141,264.5
"AEG39","AEG39",2010,145,448
"AEG39","AEG39",2011,145,182
"AEG39","AEG39",2012,143,371.5
"AEG39","AEG39",2013,143,596.95
"AEG39","AEG39",2014,155,784.95
"AEG39","AEG39",2015,143,487.05
"AEG39","AEG39",2016,135,376
"AEG39","AEG39",2017,136,265.5
"AEG39","AEG39",2018,137,384
"AEG39","AEG39",2019,135,308
"AEG39","AEG39",2020,134,275
"AEG40","AEG40",2009,147,155.5
"AEG40","AEG40",2010,146,188
"AEG40","AEG40",2011,142,77
"AEG40","AEG40",2012,142,164.8
"AEG40","AEG40",2013,145,229.3
"AEG40","AEG40",2014,133,189.65
"AEG40","AEG40",2015,133,254.6
"AEG40","AEG40",2016,131,140.5
"AEG40","AEG40",2017,135,73.3
"AEG40","AEG40",2018,132,181
"AEG40","AEG40",2019,133,184.5
"AEG40","AEG40",2020,135,105.5
"AEG41","AEG41",2009,139,206
"AEG41","AEG41",2010,141,115
"AEG41","AEG41",2011,143,137
"AEG41","AEG41",2012,143,287.9
"AEG41","AEG41",2013,158,628.1
"AEG41","AEG41",2014,155,555.75
"AEG41","AEG41",2015,138,297.5
"AEG41","AEG41",2016,134,194.5
"AEG41","AEG41",2017,142,166.6
"AEG41","AEG41",2018,134,267
"AEG41","AEG41",2019,135,247.5
"AEG41","AEG41",2020,134,189.5
"AEG42","AEG42",2009,136,160
"AEG42","AEG42",2010,138,105
"AEG42","AEG42",2011,144,120
"AEG42","AEG42",2012,149,312
"AEG42","AEG42",2013,142,335.55
"AEG42","AEG42",2014,132,160.05
"AEG42","AEG42",2015,132,151.85
"AEG42","AEG42",2016,132,150.5
"AEG42","AEG42",2017,141,117.8
"AEG42","AEG42",2018,132,230
"AEG42","AEG42",2019,132,186
"AEG42","AEG42",2020,135,116.5
"AEG43","AEG43",2009,140,124.5
"AEG43","AEG43",2010,144,105
"AEG43","AEG43",2011,147,39
"AEG43","AEG43",2012,148,105.6
"AEG43","AEG43",2013,156,488.65
"AEG43","AEG43",2014,NA,545.3
"AEG43","AEG43",2015,133,176.9
"AEG43","AEG43",2016,131,136.5
"AEG43","AEG43",2017,140,108.25
"AEG43","AEG43",2018,143,100
"AEG43","AEG43",2019,132,73.5
"AEG43","AEG43",2020,135,152.5
"AEG44","AEG44",2009,137,105.5
"AEG44","AEG44",2010,141,173
"AEG44","AEG44",2011,147,31
"AEG44","AEG44",2012,148,120.5
"AEG44","AEG44",2013,142,221.8
"AEG44","AEG44",2014,133,155.95
"AEG44","AEG44",2015,141,282.85
"AEG44","AEG44",2016,135,164.5
"AEG44","AEG44",2017,138,142.1
"AEG44","AEG44",2018,136,232
"AEG44","AEG44",2019,133,78.5
"AEG44","AEG44",2020,129,38.5
"AEG45","AEG45",2009,141,353.5
"AEG45","AEG45",2010,145,280
"AEG45","AEG45",2011,149,374
"AEG45","AEG45",2012,148,389.3
"AEG45","AEG45",2013,158,532.8
"AEG45","AEG45",2014,154,370.75
"AEG45","AEG45",2015,143,315.35
"AEG45","AEG45",2016,132,170.5
"AEG45","AEG45",2017,140,153.2
"AEG45","AEG45",2018,141,253
"AEG45","AEG45",2019,135,196
"AEG45","AEG45",2020,130,127.5
"AEG46","AEG46",2009,154,457
"AEG46","AEG46",2010,143,262
"AEG46","AEG46",2011,149,107
"AEG46","AEG46",2012,153,224.7
"AEG46","AEG46",2013,143,265.35
"AEG46","AEG46",2014,133,359.4
"AEG46","AEG46",2015,144,325.65
"AEG46","AEG46",2016,132,253
"AEG46","AEG46",2017,136,194.7
"AEG46","AEG46",2018,134,219
"AEG46","AEG46",2019,135,149.5
"AEG46","AEG46",2020,131,77
"AEG47","AEG47",2009,145,252
"AEG47","AEG47",2010,156,108
"AEG47","AEG47",2011,155,11
"AEG47","AEG47",2012,155,41.5
"AEG47","AEG47",2013,159,64.7
"AEG47","AEG47",2014,152,50.5
"AEG47","AEG47",2015,156,39.8
"AEG47","AEG47",2016,133,33
"AEG47","AEG47",2017,143,78.3
"AEG47","AEG47",2018,140,12
"AEG47","AEG47",2019,132,29
"AEG47","AEG47",2020,139,20
"AEG48","AEG48",2009,163,56.5
"AEG48","AEG48",2010,157,33
"AEG48","AEG48",2011,155,3
"AEG48","AEG48",2012,153,8.8
"AEG48","AEG48",2013,157,38.15
"AEG48","AEG48",2014,156,44.05
"AEG48","AEG48",2015,156,25.55
"AEG48","AEG48",2016,133,20.5
"AEG48","AEG48",2017,144,44.1
"AEG48","AEG48",2018,143,7
"AEG48","AEG48",2019,134,4.5
"AEG48","AEG48",2020,139,9
"AEG49","AEG49",2009,161,450.5
"AEG49","AEG49",2010,155,195
"AEG49","AEG49",2011,153,52
"AEG49","AEG49",2012,151,159.8
"AEG49","AEG49",2013,157,176.6
"AEG49","AEG49",2014,154,209.6
"AEG49","AEG49",2015,143,110.6
"AEG49","AEG49",2016,133,76
"AEG49","AEG49",2017,137,60.05
"AEG49","AEG49",2018,135,94
"AEG49","AEG49",2019,135,34
"AEG49","AEG49",2020,140,37.5
"AEG50","AEG50",2009,140,222
"AEG50","AEG50",2010,148,368
"AEG50","AEG50",2011,143,239
"AEG50","AEG50",2012,148,426.5
"AEG50","AEG50",2013,159,638.85
"AEG50","AEG50",2014,NA,477.85
"AEG50","AEG50",2015,138,332.75
"AEG50","AEG50",2016,134,234.5
"AEG50","AEG50",2017,141,218.4
"AEG50","AEG50",2018,132,375
"AEG50","AEG50",2019,132,209
"AEG50","AEG50",2020,137,202
"HEG1","HEG01",2009,139,358.55
"HEG1","HEG01",2010,135,273
"HEG1","HEG01",2011,145,218.5
"HEG1","HEG01",2012,137,382.4
"HEG1","HEG01",2013,139,271
"HEG1","HEG01",2014,138,511.1
"HEG1","HEG01",2015,125,179.55
"HEG1","HEG01",2016,128,113.23
"HEG1","HEG01",2017,115,93.6
"HEG1","HEG01",2018,127,129
"HEG1","HEG01",2019,126,246.9
"HEG1","HEG01",2020,128,83.03
"HEG2","HEG02",2009,139,389
"HEG2","HEG02",2010,135,256
"HEG2","HEG02",2011,144,137
"HEG2","HEG02",2012,137,304.5
"HEG2","HEG02",2013,137,284
"HEG2","HEG02",2014,139,285.4
"HEG2","HEG02",2015,125,182.8
"HEG2","HEG02",2016,127,158.07
"HEG2","HEG02",2017,115,63.8
"HEG2","HEG02",2018,130,101
"HEG2","HEG02",2019,126,167.4
"HEG2","HEG02",2020,127,31.82
"HEG3","HEG03",2009,139,482
"HEG3","HEG03",2010,136,254
"HEG3","HEG03",2011,144,181.5
"HEG3","HEG03",2012,137,166.5
"HEG3","HEG03",2013,137,300.5
"HEG3","HEG03",2014,128,340.65
"HEG3","HEG03",2015,125,114.4
"HEG3","HEG03",2016,127,107.3
"HEG3","HEG03",2017,115,173
"HEG3","HEG03",2018,130,132
"HEG3","HEG03",2019,126,221.5
"HEG3","HEG03",2020,127,45.02
"HEG4","HEG04",2009,138,552.55
"HEG4","HEG04",2010,137,202
"HEG4","HEG04",2011,142,267
"HEG4","HEG04",2012,137,688.4
"HEG4","HEG04",2013,140,398.5
"HEG4","HEG04",2014,146,518.65
"HEG4","HEG04",2015,129,466.55
"HEG4","HEG04",2016,132,407.37
"HEG4","HEG04",2017,118,188.85
"HEG4","HEG04",2018,NA,NA
"HEG4","HEG04",2019,124,353
"HEG4","HEG04",2020,125,83.78
"HEG5","HEG05",2009,134,171.9
"HEG5","HEG05",2010,137,230
"HEG5","HEG05",2011,143,107.5
"HEG5","HEG05",2012,136,294.1
"HEG5","HEG05",2013,138,148
"HEG5","HEG05",2014,144,230.35
"HEG5","HEG05",2015,129,136.15
"HEG5","HEG05",2016,130,105.3
"HEG5","HEG05",2017,118,49.9
"HEG5","HEG05",2018,131,222
"HEG5","HEG05",2019,132,164
"HEG5","HEG05",2020,131,40.67
"HEG6","HEG06",2009,148,406.5
"HEG6","HEG06",2010,138,483
"HEG6","HEG06",2011,145,247.5
"HEG6","HEG06",2012,136,284.8
"HEG6","HEG06",2013,141,362.5
"HEG6","HEG06",2014,134,423.9
"HEG6","HEG06",2015,132,175.75
"HEG6","HEG06",2016,130,150.67
"HEG6","HEG06",2017,118,88.25
"HEG6","HEG06",2018,128,194
"HEG6","HEG06",2019,135,371.65
"HEG6","HEG06",2020,136,112.05
"HEG7","HEG07",2009,145,278.25
"HEG7","HEG07",2010,140,220
"HEG7","HEG07",2011,146,58
"HEG7","HEG07",2012,138,264.8
"HEG7","HEG07",2013,140,211
"HEG7","HEG07",2014,148,276.6
"HEG7","HEG07",2015,135,147.95
"HEG7","HEG07",2016,134,139.93
"HEG7","HEG07",2017,117,49.7
"HEG7","HEG07",2018,132,122
"HEG7","HEG07",2019,125,112.35
"HEG7","HEG07",2020,130,45.42
"HEG8","HEG08",2009,147,377.25
"HEG8","HEG08",2010,140,259
"HEG8","HEG08",2011,146,105.5
"HEG8","HEG08",2012,138,218.5
"HEG8","HEG08",2013,140,215
"HEG8","HEG08",2014,133,269.65
"HEG8","HEG08",2015,134,127.75
"HEG8","HEG08",2016,134,215.37
"HEG8","HEG08",2017,117,44.65
"HEG8","HEG08",2018,132,200
"HEG8","HEG08",2019,125,97
"HEG8","HEG08",2020,130,24.77
"HEG9","HEG09",2009,153,197.1
"HEG9","HEG09",2010,143,84
"HEG9","HEG09",2011,158,66
"HEG9","HEG09",2012,141,124.6
"HEG9","HEG09",2013,144,179.5
"HEG9","HEG09",2014,146,241.85
"HEG9","HEG09",2015,124,NA
"HEG9","HEG09",2016,134,87.27
"HEG9","HEG09",2017,126,49.3
"HEG9","HEG09",2018,137,106
"HEG9","HEG09",2019,130,45.65
"HEG9","HEG09",2020,133,48.52
"HEG10","HEG10",2009,145,217.2
"HEG10","HEG10",2010,152,184
"HEG10","HEG10",2011,156,150
"HEG10","HEG10",2012,142,242.6
"HEG10","HEG10",2013,145,188
"HEG10","HEG10",2014,137,366.15
"HEG10","HEG10",2015,139,190.8
"HEG10","HEG10",2016,131,174.53
"HEG10","HEG10",2017,116,55.2
"HEG10","HEG10",2018,138,185
"HEG10","HEG10",2019,129,197.85
"HEG10","HEG10",2020,138,71.47
"HEG11","HEG11",2009,145,133.35
"HEG11","HEG11",2010,152,80
"HEG11","HEG11",2011,156,74.5
"HEG11","HEG11",2012,142,287.1
"HEG11","HEG11",2013,144,184
"HEG11","HEG11",2014,148,235.25
"HEG11","HEG11",2015,140,103.65
"HEG11","HEG11",2016,131,104.23
"HEG11","HEG11",2017,116,22.45
"HEG11","HEG11",2018,132,98
"HEG11","HEG11",2019,129,63.4
"HEG11","HEG11",2020,130,71.67
"HEG12","HEG12",2009,142,72.95
"HEG12","HEG12",2010,151,63
"HEG12","HEG12",2011,155,201
"HEG12","HEG12",2012,139,294.7
"HEG12","HEG12",2013,147,486.5
"HEG12","HEG12",2014,137,202.7
"HEG12","HEG12",2015,139,207.8
"HEG12","HEG12",2016,133,215
"HEG12","HEG12",2017,120,79.15
"HEG12","HEG12",2018,129,190
"HEG12","HEG12",2019,134,166.65
"HEG12","HEG12",2020,134,51.12
"HEG13","HEG13",2009,144,402.95
"HEG13","HEG13",2010,139,197
"HEG13","HEG13",2011,154,186
"HEG13","HEG13",2012,136,246.9
"HEG13","HEG13",2013,138,265
"HEG13","HEG13",2014,131,321.35
"HEG13","HEG13",2015,134,225.2
"HEG13","HEG13",2016,134,214.25
"HEG13","HEG13",2017,117,68.45
"HEG13","HEG13",2018,131,323
"HEG13","HEG13",2019,130,359.95
"HEG13","HEG13",2020,138,171
"HEG14","HEG14",2009,146,376.75
"HEG14","HEG14",2010,151,158
"HEG14","HEG14",2011,154,232.5
"HEG14","HEG14",2012,142,397.2
"HEG14","HEG14",2013,144,228.5
"HEG14","HEG14",2014,149,431.45
"HEG14","HEG14",2015,142,292.5
"HEG14","HEG14",2016,131,259.1
"HEG14","HEG14",2017,116,51.8
"HEG14","HEG14",2018,140,176
"HEG14","HEG14",2019,137,234.45
"HEG14","HEG14",2020,131,99.78
"HEG15","HEG15",2009,139,447.25
"HEG15","HEG15",2010,136,144
"HEG15","HEG15",2011,149,117
"HEG15","HEG15",2012,137,228.4
"HEG15","HEG15",2013,138,221
"HEG15","HEG15",2014,141,451.1
"HEG15","HEG15",2015,138,362.4
"HEG15","HEG15",2016,128,199.05
"HEG15","HEG15",2017,119,115.85
"HEG15","HEG15",2018,131,204
"HEG15","HEG15",2019,133,185.75
"HEG15","HEG15",2020,126,37.48
"HEG16","HEG16",2009,150,254.3
"HEG16","HEG16",2010,150,170
"HEG16","HEG16",2011,150,84.5
"HEG16","HEG16",2012,140,113
"HEG16","HEG16",2013,143,123.5
"HEG16","HEG16",2014,133,331.55
"HEG16","HEG16",2015,126,111.6
"HEG16","HEG16",2016,128,99.25
"HEG16","HEG16",2017,121,61.1
"HEG16","HEG16",2018,141,155
"HEG16","HEG16",2019,135,118.8
"HEG16","HEG16",2020,126,16.42
"HEG17","HEG17",2009,141,206.9
"HEG17","HEG17",2010,141,156
"HEG17","HEG17",2011,148,123
"HEG17","HEG17",2012,139,132.9
"HEG17","HEG17",2013,146,189.5
"HEG17","HEG17",2014,143,155.3
"HEG17","HEG17",2015,128,57.85
"HEG17","HEG17",2016,132,76.35
"HEG17","HEG17",2017,121,28.55
"HEG17","HEG17",2018,129,68
"HEG17","HEG17",2019,133,49.05
"HEG17","HEG17",2020,134,39.17
"HEG18","HEG18",2009,145,135.15
"HEG18","HEG18",2010,149,43
"HEG18","HEG18",2011,156,60.5
"HEG18","HEG18",2012,142,152.9
"HEG18","HEG18",2013,140,106
"HEG18","HEG18",2014,143,288.2
"HEG18","HEG18",2015,140,176.4
"HEG18","HEG18",2016,135,98.7
"HEG18","HEG18",2017,125,95.05
"HEG18","HEG18",2018,142,121
"HEG18","HEG18",2019,137,57.45
"HEG18","HEG18",2020,130,25.98
"HEG19","HEG19",2009,153,374.2
"HEG19","HEG19",2010,141,147
"HEG19","HEG19",2011,149,113
"HEG19","HEG19",2012,139,199
"HEG19","HEG19",2013,143,242.5
"HEG19","HEG19",2014,133,268.85
"HEG19","HEG19",2015,128,84.4
"HEG19","HEG19",2016,132,125.65
"HEG19","HEG19",2017,121,72.15
"HEG19","HEG19",2018,136,126
"HEG19","HEG19",2019,133,133.85
"HEG19","HEG19",2020,134,69.17
"HEG20","HEG20",2009,136,126.8
"HEG20","HEG20",2010,144,108
"HEG20","HEG20",2011,158,90.5
"HEG20","HEG20",2012,141,182.8
"HEG20","HEG20",2013,144,189.5
"HEG20","HEG20",2014,145,325.85
"HEG20","HEG20",2015,124,56.9
"HEG20","HEG20",2016,134,120.3
"HEG20","HEG20",2017,126,65.9
"HEG20","HEG20",2018,137,151
"HEG20","HEG20",2019,130,83.35
"HEG20","HEG20",2020,133,34.58
"HEG21","HEG21",2009,152,246.7
"HEG21","HEG21",2010,148,114
"HEG21","HEG21",2011,151,73.5
"HEG21","HEG21",2012,143,88.2
"HEG21","HEG21",2013,141,147
"HEG21","HEG21",2014,144,218.2
"HEG21","HEG21",2015,137,137.2
"HEG21","HEG21",2016,133,92.97
"HEG21","HEG21",2017,120,47.35
"HEG21","HEG21",2018,142,151
"HEG21","HEG21",2019,136,115.4
"HEG21","HEG21",2020,134,62.48
"HEG22","HEG22",2009,138,477.3
"HEG22","HEG22",2010,147,286
"HEG22","HEG22",2011,150,169
"HEG22","HEG22",2012,137,388.4
"HEG22","HEG22",2013,139,237
"HEG22","HEG22",2014,139,346.2
"HEG22","HEG22",2015,136,378.85
"HEG22","HEG22",2016,137,272.9
"HEG22","HEG22",2017,119,157.75
"HEG22","HEG22",2018,139,241
"HEG22","HEG22",2019,132,412.45
"HEG22","HEG22",2020,137,149.05
"HEG23","HEG23",2009,138,295.6
"HEG23","HEG23",2010,146,173
"HEG23","HEG23",2011,152,70.5
"HEG23","HEG23",2012,140,184.7
"HEG23","HEG23",2013,142,134
"HEG23","HEG23",2014,139,147.1
"HEG23","HEG23",2015,134,145.65
"HEG23","HEG23",2016,129,172.85
"HEG23","HEG23",2017,119,66.85
"HEG23","HEG23",2018,135,115
"HEG23","HEG23",2019,128,58.8
"HEG23","HEG23",2020,135,50.77
"HEG24","HEG24",2009,140,389.1
"HEG24","HEG24",2010,146,157
"HEG24","HEG24",2011,152,143
"HEG24","HEG24",2012,141,277.7
"HEG24","HEG24",2013,142,218
"HEG24","HEG24",2014,138,247.45
"HEG24","HEG24",2015,133,209.8
"HEG24","HEG24",2016,133,203.35
"HEG24","HEG24",2017,119,92.9
"HEG24","HEG24",2018,135,162
"HEG24","HEG24",2019,128,84.2
"HEG24","HEG24",2020,137,62.48
"HEG25","HEG25",2009,138,105.4
"HEG25","HEG25",2010,147,215
"HEG25","HEG25",2011,150,51.5
"HEG25","HEG25",2012,137,188.3
"HEG25","HEG25",2013,139,254.5
"HEG25","HEG25",2014,134,176
"HEG25","HEG25",2015,136,188.95
"HEG25","HEG25",2016,129,207.9
"HEG25","HEG25",2017,119,69.55
"HEG25","HEG25",2018,139,131
"HEG25","HEG25",2019,132,75.85
"HEG25","HEG25",2020,137,28.88
"HEG26","HEG26",2009,143,212.75
"HEG26","HEG26",2010,145,155
"HEG26","HEG26",2011,153,131.5
"HEG26","HEG26",2012,144,180.8
"HEG26","HEG26",2013,145,197.5
"HEG26","HEG26",2014,136,229.75
"HEG26","HEG26",2015,141,127.9
"HEG26","HEG26",2016,NA,160.37
"HEG26","HEG26",2017,117,48.1
"HEG26","HEG26",2018,134,235
"HEG26","HEG26",2019,127,60.4
"HEG26","HEG26",2020,135,37.77
"HEG27","HEG27",2009,142,371.25
"HEG27","HEG27",2010,150,254
"HEG27","HEG27",2011,155,182
"HEG27","HEG27",2012,138,317.8
"HEG27","HEG27",2013,147,242
"HEG27","HEG27",2014,144,481.4
"HEG27","HEG27",2015,139,261.5
"HEG27","HEG27",2016,140,409.47
"HEG27","HEG27",2017,120,251.9
"HEG27","HEG27",2018,133,194
"HEG27","HEG27",2019,135,205.1
"HEG27","HEG27",2020,139,205.7
"HEG28","HEG28",2009,137,331.4
"HEG28","HEG28",2010,140,112
"HEG28","HEG28",2011,178,45
"HEG28","HEG28",2012,138,238.9
"HEG28","HEG28",2013,138,87.75
"HEG28","HEG28",2014,135,139.25
"HEG28","HEG28",2015,137,89.65
"HEG28","HEG28",2016,138,61.8
"HEG28","HEG28",2017,116,17.15
"HEG28","HEG28",2018,138,64
"HEG28","HEG28",2019,129,37.5
"HEG28","HEG28",2020,135,31.42
"HEG29","HEG29",2009,137,169.05
"HEG29","HEG29",2010,140,62
"HEG29","HEG29",2011,178,86
"HEG29","HEG29",2012,138,257.9
"HEG29","HEG29",2013,138,113.5
"HEG29","HEG29",2014,149,156.55
"HEG29","HEG29",2015,132,71.05
"HEG29","HEG29",2016,138,79.7
"HEG29","HEG29",2017,125,59.95
"HEG29","HEG29",2018,138,42
"HEG29","HEG29",2019,129,36.25
"HEG29","HEG29",2020,135,96.12
"HEG30","HEG30",2009,149,229.05
"HEG30","HEG30",2010,137,216
"HEG30","HEG30",2011,143,65
"HEG30","HEG30",2012,136,191.6
"HEG30","HEG30",2013,140,225.5
"HEG30","HEG30",2014,148,188.05
"HEG30","HEG30",2015,129,247.05
"HEG30","HEG30",2016,130,162.83
"HEG30","HEG30",2017,118,60.9
"HEG30","HEG30",2018,131,158
"HEG30","HEG30",2019,137,109.95
"HEG30","HEG30",2020,133,67.78
"HEG31","HEG31",2009,140,235.2
"HEG31","HEG31",2010,139,154
"HEG31","HEG31",2011,150,160
"HEG31","HEG31",2012,137,238.7
"HEG31","HEG31",2013,142,197
"HEG31","HEG31",2014,147,106.45
"HEG31","HEG31",2015,134,138.3
"HEG31","HEG31",2016,130,97.65
"HEG31","HEG31",2017,118,45.2
"HEG31","HEG31",2018,139,118
"HEG31","HEG31",2019,132,40.05
"HEG31","HEG31",2020,133,15.72
"HEG32","HEG32",2009,142,476.75
"HEG32","HEG32",2010,151,452
"HEG32","HEG32",2011,155,436
"HEG32","HEG32",2012,139,377.3
"HEG32","HEG32",2013,147,440.5
"HEG32","HEG32",2014,147,497.55
"HEG32","HEG32",2015,139,427.55
"HEG32","HEG32",2016,129,328.9
"HEG32","HEG32",2017,120,182.15
"HEG32","HEG32",2018,129,274
"HEG32","HEG32",2019,134,351.5
"HEG32","HEG32",2020,139,322.88
"HEG33","HEG33",2009,154,599.5
"HEG33","HEG33",2010,137,326
"HEG33","HEG33",2011,143,228.5
"HEG33","HEG33",2012,137,500.3
"HEG33","HEG33",2013,140,296
"HEG33","HEG33",2014,143,234.1
"HEG33","HEG33",2015,136,250.7
"HEG33","HEG33",2016,132,223.05
"HEG33","HEG33",2017,118,118.65
"HEG33","HEG33",2018,NA,NA
"HEG33","HEG33",2019,124,347.7
"HEG33","HEG33",2020,133,166.45
"HEG34","HEG34",2009,148,200.25
"HEG34","HEG34",2010,138,320
"HEG34","HEG34",2011,178,96
"HEG34","HEG34",2012,136,172.8
"HEG34","HEG34",2013,141,371.5
"HEG34","HEG34",2014,136,325.8
"HEG34","HEG34",2015,131,123.85
"HEG34","HEG34",2016,130,92.7
"HEG34","HEG34",2017,118,48.65
"HEG34","HEG34",2018,128,165
"HEG34","HEG34",2019,135,278.45
"HEG34","HEG34",2020,136,86.5
"HEG35","HEG35",2009,149,500.35
"HEG35","HEG35",2010,138,412
"HEG35","HEG35",2011,178,248
"HEG35","HEG35",2012,136,349.2
"HEG35","HEG35",2013,141,444
"HEG35","HEG35",2014,135,577.3
"HEG35","HEG35",2015,131,369.85
"HEG35","HEG35",2016,130,300.95
"HEG35","HEG35",2017,118,191.85
"HEG35","HEG35",2018,128,274
"HEG35","HEG35",2019,136,514.55
"HEG35","HEG35",2020,136,233.28
"HEG36","HEG36",2009,135,349.3
"HEG36","HEG36",2010,136,99
"HEG36","HEG36",2011,144,184.5
"HEG36","HEG36",2012,137,219.7
"HEG36","HEG36",2013,139,236
"HEG36","HEG36",2014,138,575.8
"HEG36","HEG36",2015,126,202.7
"HEG36","HEG36",2016,NA,164
"HEG36","HEG36",2017,115,33.2
"HEG36","HEG36",2018,NA,NA
"HEG36","HEG36",2019,135,145.8
"HEG36","HEG36",2020,129,126.05
"HEG37","HEG37",2009,135,277.45
"HEG37","HEG37",2010,136,237
"HEG37","HEG37",2011,144,184
"HEG37","HEG37",2012,134,236.2
"HEG37","HEG37",2013,139,196.5
"HEG37","HEG37",2014,142,455.2
"HEG37","HEG37",2015,126,194.3
"HEG37","HEG37",2016,127,235.87
"HEG37","HEG37",2017,115,59.45
"HEG37","HEG37",2018,130,156
"HEG37","HEG37",2019,135,220.35
"HEG37","HEG37",2020,126,69.42
"HEG38","HEG38",2009,140,355
"HEG38","HEG38",2010,146,151
"HEG38","HEG38",2011,155,100.5
"HEG38","HEG38",2012,141,170.9
"HEG38","HEG38",2013,142,172.5
"HEG38","HEG38",2014,137,150.4
"HEG38","HEG38",2015,133,104.4
"HEG38","HEG38",2016,133,121.45
"HEG38","HEG38",2017,119,41.35
"HEG38","HEG38",2018,135,134
"HEG38","HEG38",2019,128,67.75
"HEG38","HEG38",2020,137,70.92
"HEG39","HEG39",2009,140,479.5
"HEG39","HEG39",2010,147,290
"HEG39","HEG39",2011,157,228
"HEG39","HEG39",2012,141,252.9
"HEG39","HEG39",2013,142,310.5
"HEG39","HEG39",2014,148,282.4
"HEG39","HEG39",2015,139,120.5
"HEG39","HEG39",2016,133,128.3
"HEG39","HEG39",2017,119,48.25
"HEG39","HEG39",2018,135,128
"HEG39","HEG39",2019,128,123
"HEG39","HEG39",2020,135,63.21
"HEG40","HEG40",2009,150,400.85
"HEG40","HEG40",2010,147,292
"HEG40","HEG40",2011,152,198
"HEG40","HEG40",2012,137,286
"HEG40","HEG40",2013,139,261.5
"HEG40","HEG40",2014,146,280.75
"HEG40","HEG40",2015,125,85.2
"HEG40","HEG40",2016,128,115.47
"HEG40","HEG40",2017,115,71.65
"HEG40","HEG40",2018,127,215
"HEG40","HEG40",2019,126,256.4
"HEG40","HEG40",2020,129,93.62
"HEG41","HEG41",2009,136,95.7
"HEG41","HEG41",2010,143,68
"HEG41","HEG41",2011,157,47
"HEG41","HEG41",2012,141,171.9
"HEG41","HEG41",2013,144,187
"HEG41","HEG41",2014,147,249.6
"HEG41","HEG41",2015,135,54.5
"HEG41","HEG41",2016,134,83.05
"HEG41","HEG41",2017,126,109.5
"HEG41","HEG41",2018,137,126
"HEG41","HEG41",2019,130,48.55
"HEG41","HEG41",2020,133,31.23
"HEG42","HEG42",2009,141,135.2
"HEG42","HEG42",2010,141,64
"HEG42","HEG42",2011,148,46.5
"HEG42","HEG42",2012,140,136.1
"HEG42","HEG42",2013,146,115
"HEG42","HEG42",2014,141,109.8
"HEG42","HEG42",2015,138,103.5
"HEG42","HEG42",2016,132,65.43
"HEG42","HEG42",2017,121,21.05
"HEG42","HEG42",2018,136,65
"HEG42","HEG42",2019,133,68.65
"HEG42","HEG42",2020,134,13.07
"HEG43","HEG43",2009,147,152
"HEG43","HEG43",2010,149,88
"HEG43","HEG43",2011,154,94.5
"HEG43","HEG43",2012,142,174.8
"HEG43","HEG43",2013,144,128.5
"HEG43","HEG43",2014,145,285.45
"HEG43","HEG43",2015,131,157.2
"HEG43","HEG43",2016,131,105.63
"HEG43","HEG43",2017,116,28.45
"HEG43","HEG43",2018,140,105
"HEG43","HEG43",2019,137,82.55
"HEG43","HEG43",2020,131,63.58
"HEG44","HEG44",2009,151,260.2
"HEG44","HEG44",2010,142,73
"HEG44","HEG44",2011,148,53
"HEG44","HEG44",2012,139,101.9
"HEG44","HEG44",2013,143,150.5
"HEG44","HEG44",2014,145,204.3
"HEG44","HEG44",2015,130,NA
"HEG44","HEG44",2016,140,86
"HEG44","HEG44",2017,121,55.95
"HEG44","HEG44",2018,133,69
"HEG44","HEG44",2019,134,116.55
"HEG44","HEG44",2020,126,12.18
"HEG45","HEG45",2009,151,250.55
"HEG45","HEG45",2010,150,138
"HEG45","HEG45",2011,149,125
"HEG45","HEG45",2012,140,116.1
"HEG45","HEG45",2013,143,93.5
"HEG45","HEG45",2014,146,198.65
"HEG45","HEG45",2015,127,60.55
"HEG45","HEG45",2016,129,42.25
"HEG45","HEG45",2017,121,21.6
"HEG45","HEG45",2018,133,65
"HEG45","HEG45",2019,135,76.35
"HEG45","HEG45",2020,134,46.08
"HEG46","HEG46",2009,152,210
"HEG46","HEG46",2010,148,84
"HEG46","HEG46",2011,151,81
"HEG46","HEG46",2012,143,190.2
"HEG46","HEG46",2013,141,155.5
"HEG46","HEG46",2014,134,230.25
"HEG46","HEG46",2015,137,125.2
"HEG46","HEG46",2016,137,138.05
"HEG46","HEG46",2017,120,37.2
"HEG46","HEG46",2018,142,76
"HEG46","HEG46",2019,136,45.4
"HEG46","HEG46",2020,134,22.52
"HEG47","HEG47",2009,143,186.9
"HEG47","HEG47",2010,145,151
"HEG47","HEG47",2011,153,134
"HEG47","HEG47",2012,144,262.2
"HEG47","HEG47",2013,145,307
"HEG47","HEG47",2014,146,468.3
"HEG47","HEG47",2015,141,265.65
"HEG47","HEG47",2016,135,183.25
"HEG47","HEG47",2017,117,40.65
"HEG47","HEG47",2018,134,223
"HEG47","HEG47",2019,127,103.95
"HEG47","HEG47",2020,135,71.08
"HEG48","HEG48",2009,143,123.15
"HEG48","HEG48",2010,145,135
"HEG48","HEG48",2011,153,89.5
"HEG48","HEG48",2012,144,258.4
"HEG48","HEG48",2013,145,307
"HEG48","HEG48",2014,139,388.15
"HEG48","HEG48",2015,141,139.45
"HEG48","HEG48",2016,135,149.13
"HEG48","HEG48",2017,117,46.7
"HEG48","HEG48",2018,134,198
"HEG48","HEG48",2019,127,106.35
"HEG48","HEG48",2020,138,88.31
"HEG49","HEG49",2009,144,343.25
"HEG49","HEG49",2010,145,199
"HEG49","HEG49",2011,153,300.5
"HEG49","HEG49",2012,142,340.2
"HEG49","HEG49",2013,145,309.5
"HEG49","HEG49",2014,140,411.25
"HEG49","HEG49",2015,141,227.6
"HEG49","HEG49",2016,135,175.5
"HEG49","HEG49",2017,117,92.1
"HEG49","HEG49",2018,134,190
"HEG49","HEG49",2019,127,177.1
"HEG49","HEG49",2020,138,101.08
"HEG50","HEG50",2009,144,211.65
"HEG50","HEG50",2010,140,118
"HEG50","HEG50",2011,157,151
"HEG50","HEG50",2012,138,184.1
"HEG50","HEG50",2013,145,202
"HEG50","HEG50",2014,140,335.15
"HEG50","HEG50",2015,140,120.7
"HEG50","HEG50",2016,138,150.6
"HEG50","HEG50",2017,125,149.95
"HEG50","HEG50",2018,140,238
"HEG50","HEG50",2019,125,123.2
"HEG50","HEG50",2020,130,47.27
"SEG1","SEG01",2009,140,412.7
"SEG1","SEG01",2010,144,203
"SEG1","SEG01",2011,152,137
"SEG1","SEG01",2012,139,195.7
"SEG1","SEG01",2013,138,339.65
"SEG1","SEG01",2014,142,413.8
"SEG1","SEG01",2015,136,183.5
"SEG1","SEG01",2016,127,91.45
"SEG1","SEG01",2017,130,173.3
"SEG1","SEG01",2018,140,155
"SEG1","SEG01",2019,146,355.35
"SEG1","SEG01",2020,138,272.15
"SEG2","SEG02",2009,141,370.4
"SEG2","SEG02",2010,145,302
"SEG2","SEG02",2011,153,138
"SEG2","SEG02",2012,138,240.2
"SEG2","SEG02",2013,137,220.45
"SEG2","SEG02",2014,129,379.2
"SEG2","SEG02",2015,136,264.9
"SEG2","SEG02",2016,126,69.45
"SEG2","SEG02",2017,131,146.1
"SEG2","SEG02",2018,137,351
"SEG2","SEG02",2019,138,163.85
"SEG2","SEG02",2020,129,146.4
"SEG3","SEG03",2009,142,381.4
"SEG3","SEG03",2010,146,273
"SEG3","SEG03",2011,154,187
"SEG3","SEG03",2012,137,190.4
"SEG3","SEG03",2013,138,241.6
"SEG3","SEG03",2014,128,415.75
"SEG3","SEG03",2015,134,256.65
"SEG3","SEG03",2016,128,127.55
"SEG3","SEG03",2017,130,254.5
"SEG3","SEG03",2018,140,269
"SEG3","SEG03",2019,140,250.3
"SEG3","SEG03",2020,137,290.9
"SEG4","SEG04",2009,143,367.05
"SEG4","SEG04",2010,157,250
"SEG4","SEG04",2011,155,203
"SEG4","SEG04",2012,138,367.7
"SEG4","SEG04",2013,128,287.85
"SEG4","SEG04",2014,132,327.4
"SEG4","SEG04",2015,130,336.3
"SEG4","SEG04",2016,124,125.4
"SEG4","SEG04",2017,131,104.5
"SEG4","SEG04",2018,144,367
"SEG4","SEG04",2019,144,191
"SEG4","SEG04",2020,138,285.8
"SEG5","SEG05",2009,145,464.1
"SEG5","SEG05",2010,155,256
"SEG5","SEG05",2011,154,168
"SEG5","SEG05",2012,137,186
"SEG5","SEG05",2013,138,236.05
"SEG5","SEG05",2014,132,346
"SEG5","SEG05",2015,134,202.9
"SEG5","SEG05",2016,128,82.1
"SEG5","SEG05",2017,134,126.95
"SEG5","SEG05",2018,144,306
"SEG5","SEG05",2019,145,294.45
"SEG5","SEG05",2020,137,230.5
"SEG6","SEG06",2009,139,180.5
"SEG6","SEG06",2010,141,237
"SEG6","SEG06",2011,150,100
"SEG6","SEG06",2012,141,195.8
"SEG6","SEG06",2013,136,73.6
"SEG6","SEG06",2014,134,138.45
"SEG6","SEG06",2015,142,140.3
"SEG6","SEG06",2016,135,126.85
"SEG6","SEG06",2017,151,554.15
"SEG6","SEG06",2018,139,356
"SEG6","SEG06",2019,143,352.9
"SEG6","SEG06",2020,135,149.6
"SEG7","SEG07",2009,NA,NA
"SEG7","SEG07",2010,146,369
"SEG7","SEG07",2011,147,347
"SEG7","SEG07",2012,138,475.4
"SEG7","SEG07",2013,137,368.85
"SEG7","SEG07",2014,128,633.4
"SEG7","SEG07",2015,137,363.25
"SEG7","SEG07",2016,125,225.35
"SEG7","SEG07",2017,130,331.65
"SEG7","SEG07",2018,137,347
"SEG7","SEG07",2019,138,328.05
"SEG7","SEG07",2020,129,284.5
"SEG8","SEG08",2009,145,386.4
"SEG8","SEG08",2010,148,235
"SEG8","SEG08",2011,155,192
"SEG8","SEG08",2012,144,210.4
"SEG8","SEG08",2013,137,172.95
"SEG8","SEG08",2014,141,426.95
"SEG8","SEG08",2015,152,706.35
"SEG8","SEG08",2016,124,158.8
"SEG8","SEG08",2017,128,213.75
"SEG8","SEG08",2018,141,424
"SEG8","SEG08",2019,133,248.76
"SEG8","SEG08",2020,133,246.95
"SEG9","SEG09",2009,140,183.45
"SEG9","SEG09",2010,141,230
"SEG9","SEG09",2011,151,175
"SEG9","SEG09",2012,141,198.6
"SEG9","SEG09",2013,136,128.2
"SEG9","SEG09",2014,134,148.7
"SEG9","SEG09",2015,143,193.8
"SEG9","SEG09",2016,135,174.6
"SEG9","SEG09",2017,136,164.6
"SEG9","SEG09",2018,149,539
"SEG9","SEG09",2019,134,328.25
"SEG9","SEG09",2020,135,86.45
"SEG10","SEG10",2009,145,356.45
"SEG10","SEG10",2010,141,176
"SEG10","SEG10",2011,154,123
"SEG10","SEG10",2012,139,114.9
"SEG10","SEG10",2013,138,291.45
"SEG10","SEG10",2014,132,408.5
"SEG10","SEG10",2015,134,439.25
"SEG10","SEG10",2016,128,154.9
"SEG10","SEG10",2017,134,174.2
"SEG10","SEG10",2018,145,422
"SEG10","SEG10",2019,144,141.95
"SEG10","SEG10",2020,137,197.8
"SEG11","SEG11",2009,145,446.3
"SEG11","SEG11",2010,146,203
"SEG11","SEG11",2011,153,99
"SEG11","SEG11",2012,139,163.1
"SEG11","SEG11",2013,138,201.5
"SEG11","SEG11",2014,132,340.45
"SEG11","SEG11",2015,140,411.1
"SEG11","SEG11",2016,128,162.45
"SEG11","SEG11",2017,134,331.95
"SEG11","SEG11",2018,145,669
"SEG11","SEG11",2019,145,235.55
"SEG11","SEG11",2020,139,183.5
"SEG12","SEG12",2009,141,258.8
"SEG12","SEG12",2010,144,148
"SEG12","SEG12",2011,152,112
"SEG12","SEG12",2012,139,109.7
"SEG12","SEG12",2013,140,278.65
"SEG12","SEG12",2014,129,309.55
"SEG12","SEG12",2015,136,297.85
"SEG12","SEG12",2016,127,115.3
"SEG12","SEG12",2017,130,111.85
"SEG12","SEG12",2018,147,411
"SEG12","SEG12",2019,145,202.3
"SEG12","SEG12",2020,138,213.35
"SEG13","SEG13",2009,149,424.35
"SEG13","SEG13",2010,155,224
"SEG13","SEG13",2011,158,196
"SEG13","SEG13",2012,145,338.1
"SEG13","SEG13",2013,142,266.05
"SEG13","SEG13",2014,136,181.7
"SEG13","SEG13",2015,131,234.35
"SEG13","SEG13",2016,134,236.8
"SEG13","SEG13",2017,135,203.4
"SEG13","SEG13",2018,143,421
"SEG13","SEG13",2019,135,159.95
"SEG13","SEG13",2020,132,233.8
"SEG14","SEG14",2009,155,699.3
"SEG14","SEG14",2010,155,547
"SEG14","SEG14",2011,153,240
"SEG14","SEG14",2012,139,168.3
"SEG14","SEG14",2013,137,311.55
"SEG14","SEG14",2014,128,318.8
"SEG14","SEG14",2015,137,439.45
"SEG14","SEG14",2016,125,152.95
"SEG14","SEG14",2017,131,183.2
"SEG14","SEG14",2018,133,179
"SEG14","SEG14",2019,138,160.05
"SEG14","SEG14",2020,129,180.2
"SEG15","SEG15",2009,147,493.5
"SEG15","SEG15",2010,157,232
"SEG15","SEG15",2011,156,206
"SEG15","SEG15",2012,136,217.9
"SEG15","SEG15",2013,137,194.95
"SEG15","SEG15",2014,141,360.9
"SEG15","SEG15",2015,140,347.65
"SEG15","SEG15",2016,125,99.95
"SEG15","SEG15",2017,134,226.65
"SEG15","SEG15",2018,147,484
"SEG15","SEG15",2019,142,225.55
"SEG15","SEG15",2020,138,172.75
"SEG16","SEG16",2009,143,396.2
"SEG16","SEG16",2010,158,452
"SEG16","SEG16",2011,155,297
"SEG16","SEG16",2012,138,295.6
"SEG16","SEG16",2013,138,307.4
"SEG16","SEG16",2014,132,249.2
"SEG16","SEG16",2015,140,311.7
"SEG16","SEG16",2016,125,115.45
"SEG16","SEG16",2017,129,97.85
"SEG16","SEG16",2018,144,493
"SEG16","SEG16",2019,144,343.85
"SEG16","SEG16",2020,138,321.35
"SEG17","SEG17",2009,150,136.8
"SEG17","SEG17",2010,143,84
"SEG17","SEG17",2011,150,85
"SEG17","SEG17",2012,143,290.9
"SEG17","SEG17",2013,139,155.85
"SEG17","SEG17",2014,134,103.15
"SEG17","SEG17",2015,147,128.25
"SEG17","SEG17",2016,138,87.4
"SEG17","SEG17",2017,136,128.65
"SEG17","SEG17",2018,158,486
"SEG17","SEG17",2019,143,102
"SEG17","SEG17",2020,136,31.4
"SEG18","SEG18",2009,153,238.05
"SEG18","SEG18",2010,149,172
"SEG18","SEG18",2011,159,153
"SEG18","SEG18",2012,140,181.4
"SEG18","SEG18",2013,140,219.55
"SEG18","SEG18",2014,136,326.75
"SEG18","SEG18",2015,143,360
"SEG18","SEG18",2016,132,116.2
"SEG18","SEG18",2017,139,232.95
"SEG18","SEG18",2018,141,328
"SEG18","SEG18",2019,146,296.45
"SEG18","SEG18",2020,134,145.85
"SEG19","SEG19",2009,147,430.45
"SEG19","SEG19",2010,147,369
"SEG19","SEG19",2011,160,281
"SEG19","SEG19",2012,139,167
"SEG19","SEG19",2013,147,301.65
"SEG19","SEG19",2014,142,351.3
"SEG19","SEG19",2015,151,671.45
"SEG19","SEG19",2016,124,127.45
"SEG19","SEG19",2017,129,141.8
"SEG19","SEG19",2018,133,438
"SEG19","SEG19",2019,133,235.55
"SEG19","SEG19",2020,138,227.15
"SEG20","SEG20",2009,148,401.85
"SEG20","SEG20",2010,142,160
"SEG20","SEG20",2011,162,191
"SEG20","SEG20",2012,141,198.9
"SEG20","SEG20",2013,136,261.2
"SEG20","SEG20",2014,164,802.85
"SEG20","SEG20",2015,135,218.45
"SEG20","SEG20",2016,133,266.3
"SEG20","SEG20",2017,136,313.35
"SEG20","SEG20",2018,146,325
"SEG20","SEG20",2019,134,103.3
"SEG20","SEG20",2020,135,142.95
"SEG21","SEG21",2009,147,305.4
"SEG21","SEG21",2010,142,256
"SEG21","SEG21",2011,150,164
"SEG21","SEG21",2012,141,242.8
"SEG21","SEG21",2013,136,287.3
"SEG21","SEG21",2014,134,501.6
"SEG21","SEG21",2015,135,437.8
"SEG21","SEG21",2016,135,325.8
"SEG21","SEG21",2017,144,590.8
"SEG21","SEG21",2018,146,598
"SEG21","SEG21",2019,137,12.4
"SEG21","SEG21",2020,135,99.35
"SEG22","SEG22",2009,138,443.55
"SEG22","SEG22",2010,147,279
"SEG22","SEG22",2011,152,380
"SEG22","SEG22",2012,137,281.4
"SEG22","SEG22",2013,147,200.65
"SEG22","SEG22",2014,128,300.4
"SEG22","SEG22",2015,132,225.1
"SEG22","SEG22",2016,127,130.75
"SEG22","SEG22",2017,129,241.65
"SEG22","SEG22",2018,140,368
"SEG22","SEG22",2019,140,245.8
"SEG22","SEG22",2020,138,254.95
"SEG23","SEG23",2009,146,316.65
"SEG23","SEG23",2010,147,130
"SEG23","SEG23",2011,156,187
"SEG23","SEG23",2012,136,330.7
"SEG23","SEG23",2013,137,316.4
"SEG23","SEG23",2014,141,496.7
"SEG23","SEG23",2015,129,309.45
"SEG23","SEG23",2016,129,130.25
"SEG23","SEG23",2017,131,171.7
"SEG23","SEG23",2018,134,178
"SEG23","SEG23",2019,142,147.1
"SEG23","SEG23",2020,138,145.55
"SEG24","SEG24",2009,142,151.55
"SEG24","SEG24",2010,145,95
"SEG24","SEG24",2011,160,63
"SEG24","SEG24",2012,140,133.7
"SEG24","SEG24",2013,142,174.6
"SEG24","SEG24",2014,129,95.37
"SEG24","SEG24",2015,149,322.25
"SEG24","SEG24",2016,125,46.05
"SEG24","SEG24",2017,138,92
"SEG24","SEG24",2018,145,157
"SEG24","SEG24",2019,138,126.05
"SEG24","SEG24",2020,139,130.45
"SEG25","SEG25",2009,140,131.85
"SEG25","SEG25",2010,143,97
"SEG25","SEG25",2011,151,91
"SEG25","SEG25",2012,143,194.4
"SEG25","SEG25",2013,136,128.5
"SEG25","SEG25",2014,135,84.8
"SEG25","SEG25",2015,135,76.6
"SEG25","SEG25",2016,133,64.35
"SEG25","SEG25",2017,137,41.85
"SEG25","SEG25",2018,139,179
"SEG25","SEG25",2019,134,79.55
"SEG25","SEG25",2020,136,83.45
"SEG26","SEG26",2009,146,359.5
"SEG26","SEG26",2010,148,107
"SEG26","SEG26",2011,156,157
"SEG26","SEG26",2012,136,144.6
"SEG26","SEG26",2013,137,193.4
"SEG26","SEG26",2014,141,190.85
"SEG26","SEG26",2015,140,174
"SEG26","SEG26",2016,129,41.5
"SEG26","SEG26",2017,128,52.7
"SEG26","SEG26",2018,134,81
"SEG26","SEG26",2019,145,96.6
"SEG26","SEG26",2020,138,95.1
"SEG27","SEG27",2009,154,311.7
"SEG27","SEG27",2010,157,129
"SEG27","SEG27",2011,162,68
"SEG27","SEG27",2012,143,137.5
"SEG27","SEG27",2013,139,128.8
"SEG27","SEG27",2014,135,189.25
"SEG27","SEG27",2015,141,202.5
"SEG27","SEG27",2016,138,77.1
"SEG27","SEG27",2017,137,71.3
"SEG27","SEG27",2018,148,186
"SEG27","SEG27",2019,139,33.65
"SEG27","SEG27",2020,136,33.05
"SEG28","SEG28",2009,142,264.75
"SEG28","SEG28",2010,140,132
"SEG28","SEG28",2011,160,230
"SEG28","SEG28",2012,140,210.8
"SEG28","SEG28",2013,142,118.45
"SEG28","SEG28",2014,129,148.45
"SEG28","SEG28",2015,149,458.5
"SEG28","SEG28",2016,125,53.35
"SEG28","SEG28",2017,138,131.75
"SEG28","SEG28",2018,145,180
"SEG28","SEG28",2019,138,99
"SEG28","SEG28",2020,139,196
"SEG29","SEG29",2009,142,154.85
"SEG29","SEG29",2010,145,86
"SEG29","SEG29",2011,160,111
"SEG29","SEG29",2012,140,120.2
"SEG29","SEG29",2013,142,259.05
"SEG29","SEG29",2014,129,168.95
"SEG29","SEG29",2015,149,427.5
"SEG29","SEG29",2016,125,46.65
"SEG29","SEG29",2017,138,177.55
"SEG29","SEG29",2018,145,170
"SEG29","SEG29",2019,138,238.55
"SEG29","SEG29",2020,139,148
"SEG30","SEG30",2009,153,383.55
"SEG30","SEG30",2010,152,289
"SEG30","SEG30",2011,159,227
"SEG30","SEG30",2012,144,153.2
"SEG30","SEG30",2013,140,240.8
"SEG30","SEG30",2014,137,387.75
"SEG30","SEG30",2015,146,430.9
"SEG30","SEG30",2016,129,130.55
"SEG30","SEG30",2017,139,236.45
"SEG30","SEG30",2018,132,403
"SEG30","SEG30",2019,141,230.35
"SEG30","SEG30",2020,137,158.7
"SEG31","SEG31",2009,147,199.6
"SEG31","SEG31",2010,152,129
"SEG31","SEG31",2011,159,188
"SEG31","SEG31",2012,144,260.1
"SEG31","SEG31",2013,140,200.55
"SEG31","SEG31",2014,137,391.4
"SEG31","SEG31",2015,139,270.45
"SEG31","SEG31",2016,134,163
"SEG31","SEG31",2017,141,195.9
"SEG31","SEG31",2018,142,351
"SEG31","SEG31",2019,141,212.15
"SEG31","SEG31",2020,137,154.4
"SEG32","SEG32",2009,153,465.1
"SEG32","SEG32",2010,152,308
"SEG32","SEG32",2011,159,259
"SEG32","SEG32",2012,144,233
"SEG32","SEG32",2013,140,145.35
"SEG32","SEG32",2014,137,360
"SEG32","SEG32",2015,139,379.8
"SEG32","SEG32",2016,129,86.7
"SEG32","SEG32",2017,141,226.75
"SEG32","SEG32",2018,142,297
"SEG32","SEG32",2019,141,294.35
"SEG32","SEG32",2020,137,166.2
"SEG33","SEG33",2009,149,321.85
"SEG33","SEG33",2010,154,394
"SEG33","SEG33",2011,158,243
"SEG33","SEG33",2012,145,501.9
"SEG33","SEG33",2013,NA,NA
"SEG33","SEG33",2014,142,652.55
"SEG33","SEG33",2015,133,463.5
"SEG33","SEG33",2016,132,350.2
"SEG33","SEG33",2017,143,649.8
"SEG33","SEG33",2018,138,431
"SEG33","SEG33",2019,142,461.3
"SEG33","SEG33",2020,133,165.5
"SEG34","SEG34",2009,152,383.7
"SEG34","SEG34",2010,154,275
"SEG34","SEG34",2011,158,203
"SEG34","SEG34",2012,152,387.3
"SEG34","SEG34",2013,135,334.85
"SEG34","SEG34",2014,126,428.15
"SEG34","SEG34",2015,127,329
"SEG34","SEG34",2016,140,242.9
"SEG34","SEG34",2017,132,229.15
"SEG34","SEG34",2018,151,529
"SEG34","SEG34",2019,135,152.4
"SEG34","SEG34",2020,140,138.45
"SEG35","SEG35",2009,152,402.25
"SEG35","SEG35",2010,154,253
"SEG35","SEG35",2011,149,128
"SEG35","SEG35",2012,142,283.3
"SEG35","SEG35",2013,135,246.5
"SEG35","SEG35",2014,126,286.05
"SEG35","SEG35",2015,126,448.7
"SEG35","SEG35",2016,130,236.7
"SEG35","SEG35",2017,132,215.25
"SEG35","SEG35",2018,159,356
"SEG35","SEG35",2019,133,296.25
"SEG35","SEG35",2020,140,131.65
"SEG36","SEG36",2009,149,408.1
"SEG36","SEG36",2010,153,321
"SEG36","SEG36",2011,149,250
"SEG36","SEG36",2012,142,328.3
"SEG36","SEG36",2013,135,282.45
"SEG36","SEG36",2014,126,322.9
"SEG36","SEG36",2015,127,256.7
"SEG36","SEG36",2016,132,393.15
"SEG36","SEG36",2017,135,238.35
"SEG36","SEG36",2018,143,362
"SEG36","SEG36",2019,142,291.05
"SEG36","SEG36",2020,139,243.4
"SEG37","SEG37",2009,153,122
"SEG37","SEG37",2010,149,130
"SEG37","SEG37",2011,148,NA
"SEG37","SEG37",2012,144,79.3
"SEG37","SEG37",2013,140,125.7
"SEG37","SEG37",2014,139,207.85
"SEG37","SEG37",2015,144,160.8
"SEG37","SEG37",2016,131,89.25
"SEG37","SEG37",2017,139,239.5
"SEG37","SEG37",2018,135,206
"SEG37","SEG37",2019,137,88.3
"SEG37","SEG37",2020,134,68.15
"SEG38","SEG38",2009,154,289.65
"SEG38","SEG38",2010,157,240
"SEG38","SEG38",2011,162,164
"SEG38","SEG38",2012,143,183.1
"SEG38","SEG38",2013,139,264.25
"SEG38","SEG38",2014,135,382.35
"SEG38","SEG38",2015,144,400.25
"SEG38","SEG38",2016,138,147.15
"SEG38","SEG38",2017,137,161.4
"SEG38","SEG38",2018,139,241
"SEG38","SEG38",2019,139,183.5
"SEG38","SEG38",2020,135,59.25
"SEG39","SEG39",2009,155,229.65
"SEG39","SEG39",2010,153,201
"SEG39","SEG39",2011,161,114
"SEG39","SEG39",2012,145,160.2
"SEG39","SEG39",2013,141,151.75
"SEG39","SEG39",2014,126,158.7
"SEG39","SEG39",2015,128,143.7
"SEG39","SEG39",2016,130,158.35
"SEG39","SEG39",2017,135,122.5
"SEG39","SEG39",2018,136,197
"SEG39","SEG39",2019,135,139.25
"SEG39","SEG39",2020,140,76.4
"SEG40","SEG40",2009,154,377.15
"SEG40","SEG40",2010,148,180
"SEG40","SEG40",2011,148,79
"SEG40","SEG40",2012,143,109
"SEG40","SEG40",2013,135,190.45
"SEG40","SEG40",2014,136,324.85
"SEG40","SEG40",2015,148,308.85
"SEG40","SEG40",2016,131,202.95
"SEG40","SEG40",2017,133,223.1
"SEG40","SEG40",2018,147,489
"SEG40","SEG40",2019,134,174.6
"SEG40","SEG40",2020,133,188.4
"SEG41","SEG41",2009,154,676.4
"SEG41","SEG41",2010,148,NA
"SEG41","SEG41",2011,148,247
"SEG41","SEG41",2012,140,265.4
"SEG41","SEG41",2013,139,269
"SEG41","SEG41",2014,139,481.25
"SEG41","SEG41",2015,155,711.35
"SEG41","SEG41",2016,131,83.1
"SEG41","SEG41",2017,133,402.15
"SEG41","SEG41",2018,130,431
"SEG41","SEG41",2019,137,579.7
"SEG41","SEG41",2020,134,377.1
"SEG42","SEG42",2009,156,248.3
"SEG42","SEG42",2010,151,96
"SEG42","SEG42",2011,161,51
"SEG42","SEG42",2012,142,186.2
"SEG42","SEG42",2013,141,238.15
"SEG42","SEG42",2014,140,238.5
"SEG42","SEG42",2015,125,376.95
"SEG42","SEG42",2016,126,165.4
"SEG42","SEG42",2017,196,806.9
"SEG42","SEG42",2018,162,769
"SEG42","SEG42",2019,135,223.65
"SEG42","SEG42",2020,132,121.1
"SEG43","SEG43",2009,156,188.15
"SEG43","SEG43",2010,151,165
"SEG43","SEG43",2011,161,43
"SEG43","SEG43",2012,142,305.7
"SEG43","SEG43",2013,141,227.1
"SEG43","SEG43",2014,140,361.4
"SEG43","SEG43",2015,138,364.6
"SEG43","SEG43",2016,139,249.55
"SEG43","SEG43",2017,138,367.6
"SEG43","SEG43",2018,150,503
"SEG43","SEG43",2019,144,418.8
"SEG43","SEG43",2020,131,176
"SEG44","SEG44",2009,156,353.1
"SEG44","SEG44",2010,151,322
"SEG44","SEG44",2011,161,183
"SEG44","SEG44",2012,142,274.1
"SEG44","SEG44",2013,141,237.8
"SEG44","SEG44",2014,140,327.15
"SEG44","SEG44",2015,124,252.9
"SEG44","SEG44",2016,139,259.1
"SEG44","SEG44",2017,138,201
"SEG44","SEG44",2018,131,345
"SEG44","SEG44",2019,144,267.25
"SEG44","SEG44",2020,130,126.95
"SEG45","SEG45",2009,156,266.5
"SEG45","SEG45",2010,151,266
"SEG45","SEG45",2011,161,206
"SEG45","SEG45",2012,142,332.8
"SEG45","SEG45",2013,141,170.25
"SEG45","SEG45",2014,140,573.1
"SEG45","SEG45",2015,125,320.7
"SEG45","SEG45",2016,126,182.65
"SEG45","SEG45",2017,138,275.7
"SEG45","SEG45",2018,131,297
"SEG45","SEG45",2019,134,141.9
"SEG45","SEG45",2020,132,88.4
"SEG46","SEG46",2009,149,333.7
"SEG46","SEG46",2010,150,255
"SEG46","SEG46",2011,158,63
"SEG46","SEG46",2012,145,86.9
"SEG46","SEG46",2013,141,387.7
"SEG46","SEG46",2014,126,368.65
"SEG46","SEG46",2015,126,511.05
"SEG46","SEG46",2016,140,397.75
"SEG46","SEG46",2017,132,271.75
"SEG46","SEG46",2018,138,429
"SEG46","SEG46",2019,137,221.4
"SEG46","SEG46",2020,140,173.85
"SEG47","SEG47",2009,155,437.65
"SEG47","SEG47",2010,153,321
"SEG47","SEG47",2011,149,222
"SEG47","SEG47",2012,152,320
"SEG47","SEG47",2013,135,332.85
"SEG47","SEG47",2014,126,220.75
"SEG47","SEG47",2015,133,332.85
"SEG47","SEG47",2016,134,355.85
"SEG47","SEG47",2017,135,255.45
"SEG47","SEG47",2018,157,825
"SEG47","SEG47",2019,137,279.75
"SEG47","SEG47",2020,139,194.25
"SEG48","SEG48",2009,150,109.3
"SEG48","SEG48",2010,142,66
"SEG48","SEG48",2011,151,55
"SEG48","SEG48",2012,141,63.3
"SEG48","SEG48",2013,136,164.2
"SEG48","SEG48",2014,164,592.65
"SEG48","SEG48",2015,157,882.45
"SEG48","SEG48",2016,146,673.3
"SEG48","SEG48",2017,136,253.3
"SEG48","SEG48",2018,146,183
"SEG48","SEG48",2019,143,78.05
"SEG48","SEG48",2020,136,26
"SEG49","SEG49",2009,152,404.25
"SEG49","SEG49",2010,140,219
"SEG49","SEG49",2011,156,317
"SEG49","SEG49",2012,142,386.8
"SEG49","SEG49",2013,142,269.65
"SEG49","SEG49",2014,139,336.5
"SEG49","SEG49",2015,154,815.15
"SEG49","SEG49",2016,139,208.45
"SEG49","SEG49",2017,135,168
"SEG49","SEG49",2018,143,345
"SEG49","SEG49",2019,142,168.8
"SEG49","SEG49",2020,132,55.05
"SEG50","SEG50",2009,154,511.2
"SEG50","SEG50",2010,150,214
"SEG50","SEG50",2011,162,50
"SEG50","SEG50",2012,143,328
"SEG50","SEG50",2013,139,271
"SEG50","SEG50",2014,136,585.15
"SEG50","SEG50",2015,141,325
"SEG50","SEG50",2016,159,NA
"SEG50","SEG50",2017,133,212.2
"SEG50","SEG50",2018,135,373
"SEG50","SEG50",2019,143,183.4
"SEG50","SEG50",2020,134,80.6
